{"cameraMode":{"drawMode":0,"name":"Shaded","section":"Shading Mode"},"sceneLighting":true,"audioPlay":false,"sceneViewState":{"m_AlwaysRefresh":false,"showFog":true,"showSkybox":true,"showFlares":true,"showImageEffects":true,"showParticleSystems":true,"showVisualEffectGraphs":true,"m_FxEnabled":true},"in2DMode":false,"pivot":{"x":1.0367488861083985,"y":-5.590139389038086,"z":-0.1444689929485321},"rotation":{"x":-0.28919079899787905,"y":-0.6481266617774963,"z":0.29249030351638796,"w":-0.6409043073654175},"size":16.797618865966798,"orthographic":false}